type_demande,service,utilisateurs_impactes,heure_creation,jour_semaine,temps_traitement,date_creation
materiel,RH,35,10,Mercredi,27.56,2024-01-03 10:00:00
reseau,Technique,33,16,Vendredi,31.87,2024-01-05 16:00:00
logiciel,IT,179,12,Mercredi,13.67,2024-01-03 12:00:00
logiciel,Technique,33,15,Mardi,21.37,2024-01-02 15:00:00
login,IT,37,14,Mercredi,10.79,2024-01-03 14:00:00
login,Technique,144,15,Lundi,9.0,2024-01-08 15:00:00
login,Technique,72,14,Mercredi,10.81,2024-01-10 14:00:00
reseau,IT,148,10,Jeudi,24.51,2024-01-11 10:00:00
logiciel,Finance,7,9,Lundi,25.96,2024-01-08 09:00:00
logiciel,Technique,81,14,Vendredi,19.4,2024-01-12 14:00:00
login,Finance,4,10,Jeudi,24.3,2024-01-18 10:00:00
reseau,IT,6,10,Mardi,22.27,2024-01-16 10:00:00
reseau,IT,179,9,Mardi,22.45,2024-01-16 09:00:00
login,RH,16,11,Mardi,20.9,2024-01-16 11:00:00
login,Technique,91,15,Jeudi,6.05,2024-01-18 15:00:00
login,IT,63,8,Jeudi,4.27,2024-01-25 08:00:00
materiel,RH,49,8,Jeudi,29.0,2024-01-25 08:00:00
materiel,Technique,177,12,Lundi,22.3,2024-01-22 12:00:00
materiel,IT,3,18,Lundi,25.73,2024-01-22 18:00:00
login,RH,122,12,Mardi,17.52,2024-01-23 12:00:00
logiciel,Technique,192,18,Mercredi,18.58,2024-01-31 18:00:00
login,Finance,98,8,Mardi,20.57,2024-01-30 08:00:00
login,IT,186,13,Vendredi,9.39,2024-02-02 13:00:00
materiel,IT,5,8,Lundi,20.61,2024-01-29 08:00:00
materiel,IT,65,12,Jeudi,19.12,2024-02-01 12:00:00
logiciel,Technique,35,16,Lundi,23.38,2024-02-05 16:00:00
login,IT,138,12,Jeudi,7.01,2024-02-08 12:00:00
materiel,IT,196,13,Vendredi,22.6,2024-02-09 13:00:00
logiciel,Finance,34,15,Vendredi,32.52,2024-02-09 15:00:00
login,IT,120,18,Lundi,11.11,2024-02-05 18:00:00
logiciel,RH,25,8,Jeudi,21.81,2024-02-15 08:00:00
login,Technique,99,9,Vendredi,13.83,2024-02-16 09:00:00
login,Finance,75,16,Mardi,23.76,2024-02-13 16:00:00
reseau,RH,194,10,Mardi,26.36,2024-02-13 10:00:00
reseau,RH,109,13,Jeudi,29.06,2024-02-15 13:00:00
reseau,Technique,49,12,Lundi,28.24,2024-02-19 12:00:00
materiel,Finance,12,18,Vendredi,42.04,2024-02-23 18:00:00
login,Technique,18,9,Lundi,10.08,2024-02-19 09:00:00
logiciel,RH,30,14,Mardi,20.63,2024-02-20 14:00:00
materiel,Finance,34,11,Vendredi,34.44,2024-02-23 11:00:00
login,Technique,166,8,Lundi,9.58,2024-02-26 08:00:00
materiel,IT,98,11,Mercredi,19.53,2024-02-28 11:00:00
login,Finance,89,13,Jeudi,18.0,2024-02-29 13:00:00
reseau,Technique,12,14,Jeudi,22.16,2024-02-29 14:00:00
login,IT,168,14,Mercredi,3.33,2024-02-28 14:00:00
logiciel,Technique,136,14,Mardi,11.72,2024-03-05 14:00:00
materiel,Finance,7,10,Vendredi,38.22,2024-03-08 10:00:00
materiel,RH,132,13,Jeudi,23.15,2024-03-07 13:00:00
materiel,IT,94,15,Mercredi,20.68,2024-03-06 15:00:00
login,RH,8,11,Mercredi,18.61,2024-03-06 11:00:00
reseau,IT,74,15,Mardi,19.98,2024-03-12 15:00:00
logiciel,Technique,80,9,Mardi,10.69,2024-03-12 09:00:00
reseau,IT,20,17,Lundi,26.95,2024-03-11 17:00:00
reseau,IT,188,16,Jeudi,25.54,2024-03-14 16:00:00
logiciel,IT,165,16,Lundi,14.42,2024-03-11 16:00:00
reseau,Finance,123,15,Mercredi,30.09,2024-03-20 15:00:00
login,IT,75,17,Vendredi,16.98,2024-03-22 17:00:00
login,Finance,63,17,Vendredi,27.83,2024-03-22 17:00:00
login,Technique,119,8,Mardi,6.25,2024-03-19 08:00:00
materiel,Technique,94,9,Vendredi,27.43,2024-03-22 09:00:00
materiel,IT,6,13,Vendredi,28.87,2024-03-29 13:00:00
login,IT,87,17,Vendredi,15.85,2024-03-29 17:00:00
reseau,IT,155,12,Mercredi,23.66,2024-03-27 12:00:00
materiel,Finance,74,16,Vendredi,36.28,2024-03-29 16:00:00
login,Finance,5,12,Vendredi,26.73,2024-03-29 12:00:00
materiel,Technique,151,9,Vendredi,28.46,2024-04-05 09:00:00
login,Finance,26,17,Lundi,31.44,2024-04-01 17:00:00
reseau,RH,35,11,Mercredi,28.02,2024-04-03 11:00:00
login,Finance,20,16,Mardi,24.91,2024-04-02 16:00:00
reseau,Finance,46,8,Lundi,31.06,2024-04-01 08:00:00
logiciel,Finance,144,18,Jeudi,24.98,2024-04-11 18:00:00
login,Finance,88,8,Mercredi,17.77,2024-04-10 08:00:00
login,RH,26,14,Mercredi,19.74,2024-04-10 14:00:00
reseau,RH,172,18,Jeudi,32.68,2024-04-11 18:00:00
logiciel,IT,172,10,Jeudi,13.41,2024-04-11 10:00:00
logiciel,Finance,170,17,Jeudi,24.55,2024-04-18 17:00:00
logiciel,Finance,32,9,Mardi,26.63,2024-04-16 09:00:00
login,Technique,72,16,Vendredi,16.15,2024-04-19 16:00:00
materiel,Finance,197,10,Mercredi,26.8,2024-04-17 10:00:00
login,IT,147,9,Vendredi,9.56,2024-04-19 09:00:00
reseau,IT,3,15,Vendredi,30.69,2024-04-26 15:00:00
logiciel,RH,7,17,Jeudi,28.3,2024-04-25 17:00:00
materiel,Finance,75,13,Mardi,27.11,2024-04-23 13:00:00
login,IT,179,13,Lundi,4.27,2024-04-22 13:00:00
materiel,IT,93,17,Mardi,21.59,2024-04-23 17:00:00
materiel,Technique,83,18,Vendredi,33.61,2024-05-03 18:00:00
logiciel,Technique,11,14,Mardi,18.3,2024-04-30 14:00:00
logiciel,RH,120,14,Jeudi,18.1,2024-05-02 14:00:00
reseau,IT,159,18,Lundi,27.68,2024-04-29 18:00:00
materiel,Finance,56,13,Jeudi,25.33,2024-05-02 13:00:00
login,IT,148,11,Lundi,2.31,2024-05-06 11:00:00
logiciel,Technique,192,18,Vendredi,23.42,2024-05-10 18:00:00
logiciel,Technique,26,16,Lundi,23.18,2024-05-06 16:00:00
logiciel,Technique,89,13,Lundi,16.61,2024-05-06 13:00:00
logiciel,Finance,39,11,Lundi,23.28,2024-05-06 11:00:00
materiel,RH,152,10,Mardi,27.59,2024-05-14 10:00:00
materiel,Finance,102,11,Mardi,26.76,2024-05-14 11:00:00
materiel,RH,115,10,Vendredi,29.76,2024-05-17 10:00:00
login,IT,153,9,Lundi,3.81,2024-05-13 09:00:00
login,Finance,59,12,Mercredi,19.63,2024-05-15 12:00:00
login,RH,181,9,Vendredi,22.95,2024-05-24 09:00:00
logiciel,IT,91,13,Lundi,12.87,2024-05-20 13:00:00
materiel,IT,19,10,Lundi,22.04,2024-05-20 10:00:00
materiel,IT,129,13,Mardi,20.81,2024-05-21 13:00:00
reseau,IT,152,18,Vendredi,33.72,2024-05-24 18:00:00
login,RH,44,17,Lundi,25.22,2024-05-27 17:00:00
materiel,Finance,167,16,Lundi,29.56,2024-05-27 16:00:00
logiciel,IT,179,8,Vendredi,15.14,2024-05-31 08:00:00
login,Technique,38,13,Mercredi,13.15,2024-05-29 13:00:00
login,RH,197,16,Vendredi,26.37,2024-05-31 16:00:00
login,IT,16,18,Vendredi,18.23,2024-06-07 18:00:00
login,Finance,26,11,Mercredi,24.59,2024-06-05 11:00:00
reseau,Finance,23,18,Vendredi,42.99,2024-06-07 18:00:00
reseau,Technique,176,9,Lundi,23.54,2024-06-03 09:00:00
logiciel,Technique,120,11,Vendredi,16.95,2024-06-07 11:00:00
reseau,Technique,18,8,Mercredi,24.39,2024-06-12 08:00:00
reseau,RH,70,10,Jeudi,28.05,2024-06-13 10:00:00
login,IT,111,17,Vendredi,14.47,2024-06-14 17:00:00
reseau,Finance,8,16,Mardi,34.88,2024-06-11 16:00:00
materiel,RH,173,17,Lundi,27.44,2024-06-10 17:00:00
reseau,IT,155,12,Lundi,20.26,2024-06-17 12:00:00
reseau,IT,85,18,Mardi,24.49,2024-06-18 18:00:00
materiel,IT,193,13,Mardi,12.56,2024-06-18 13:00:00
login,IT,65,10,Vendredi,12.89,2024-06-21 10:00:00
login,Technique,197,12,Mardi,7.03,2024-06-18 12:00:00
materiel,Technique,123,18,Jeudi,26.1,2024-06-27 18:00:00
reseau,RH,115,15,Mercredi,25.72,2024-06-26 15:00:00
reseau,Finance,20,13,Mardi,31.05,2024-06-25 13:00:00
login,Finance,173,11,Mardi,19.43,2024-06-25 11:00:00
materiel,Finance,67,9,Jeudi,24.88,2024-06-27 09:00:00
materiel,Technique,20,16,Lundi,26.89,2024-07-01 16:00:00
login,Technique,2,8,Lundi,20.49,2024-07-01 08:00:00
login,RH,98,8,Vendredi,24.8,2024-07-05 08:00:00
materiel,Finance,90,11,Jeudi,25.24,2024-07-04 11:00:00
reseau,Technique,135,14,Mercredi,26.02,2024-07-03 14:00:00
materiel,RH,175,8,Mercredi,22.03,2024-07-10 08:00:00
materiel,IT,8,16,Jeudi,26.01,2024-07-11 16:00:00
logiciel,Technique,138,11,Mercredi,16.65,2024-07-10 11:00:00
materiel,Technique,24,10,Lundi,22.69,2024-07-08 10:00:00
reseau,Technique,167,8,Mercredi,24.43,2024-07-10 08:00:00
reseau,IT,158,17,Mercredi,27.17,2024-07-17 17:00:00
login,Finance,93,11,Jeudi,22.3,2024-07-18 11:00:00
materiel,Technique,133,16,Jeudi,25.79,2024-07-18 16:00:00
materiel,Technique,43,17,Mercredi,26.66,2024-07-17 17:00:00
login,Finance,77,13,Mardi,18.99,2024-07-16 13:00:00
login,IT,159,13,Jeudi,5.04,2024-07-25 13:00:00
logiciel,IT,74,8,Vendredi,16.54,2024-07-26 08:00:00
materiel,Technique,51,17,Vendredi,31.24,2024-07-26 17:00:00
login,IT,82,9,Lundi,2.18,2024-07-22 09:00:00
login,IT,160,18,Mercredi,8.18,2024-07-24 18:00:00
reseau,Technique,47,13,Mardi,25.96,2024-07-30 13:00:00
login,IT,22,9,Lundi,12.36,2024-07-29 09:00:00
login,Technique,133,10,Mercredi,7.3,2024-07-31 10:00:00
materiel,Technique,160,11,Jeudi,19.42,2024-08-01 11:00:00
reseau,Technique,10,18,Vendredi,34.76,2024-08-02 18:00:00
login,IT,32,12,Mardi,12.48,2024-08-06 12:00:00
logiciel,RH,17,16,Vendredi,32.07,2024-08-09 16:00:00
logiciel,IT,49,11,Jeudi,14.92,2024-08-08 11:00:00
login,IT,72,18,Mercredi,6.53,2024-08-07 18:00:00
logiciel,RH,142,16,Jeudi,17.02,2024-08-08 16:00:00
materiel,IT,119,18,Jeudi,24.91,2024-08-15 18:00:00
logiciel,RH,112,17,Vendredi,27.61,2024-08-16 17:00:00
logiciel,Finance,49,10,Mardi,24.79,2024-08-13 10:00:00
materiel,Technique,163,15,Jeudi,19.09,2024-08-15 15:00:00
login,RH,77,8,Vendredi,20.85,2024-08-16 08:00:00
reseau,IT,196,18,Mardi,29.19,2024-08-20 18:00:00
materiel,IT,115,16,Mercredi,25.81,2024-08-21 16:00:00
login,Technique,14,16,Mercredi,15.79,2024-08-21 16:00:00
login,RH,125,17,Lundi,22.28,2024-08-19 17:00:00
logiciel,Finance,45,9,Vendredi,31.06,2024-08-23 09:00:00
logiciel,Technique,127,11,Mardi,12.58,2024-08-27 11:00:00
login,IT,7,15,Jeudi,14.01,2024-08-29 15:00:00
materiel,Technique,22,14,Mercredi,25.98,2024-08-28 14:00:00
login,Finance,167,8,Mardi,19.59,2024-08-27 08:00:00
logiciel,Technique,30,12,Vendredi,25.5,2024-08-30 12:00:00
login,Technique,162,14,Lundi,3.75,2024-09-02 14:00:00
logiciel,IT,38,11,Mercredi,17.58,2024-09-04 11:00:00
materiel,RH,117,8,Mardi,21.87,2024-09-03 08:00:00
reseau,IT,129,16,Mardi,24.16,2024-09-03 16:00:00
login,Technique,87,12,Mardi,5.97,2024-09-03 12:00:00
materiel,IT,42,18,Vendredi,32.95,2024-09-13 18:00:00
login,Finance,28,9,Vendredi,31.06,2024-09-13 09:00:00
reseau,Technique,4,15,Vendredi,28.87,2024-09-13 15:00:00
reseau,IT,42,18,Jeudi,25.42,2024-09-12 18:00:00
login,RH,120,9,Mardi,16.47,2024-09-10 09:00:00
logiciel,IT,186,10,Mercredi,8.35,2024-09-18 10:00:00
reseau,Technique,170,17,Vendredi,33.68,2024-09-20 17:00:00
logiciel,RH,146,8,Vendredi,18.67,2024-09-20 08:00:00
materiel,Finance,151,18,Mardi,31.84,2024-09-17 18:00:00
login,Technique,122,9,Vendredi,12.4,2024-09-20 09:00:00
login,RH,35,14,Jeudi,19.97,2024-09-26 14:00:00
reseau,Technique,179,17,Jeudi,30.83,2024-09-26 17:00:00
reseau,Finance,124,9,Vendredi,35.56,2024-09-27 09:00:00
logiciel,Technique,98,13,Mardi,12.38,2024-09-24 13:00:00
materiel,RH,12,10,Mardi,26.89,2024-09-24 10:00:00
materiel,IT,71,11,Mardi,15.88,2024-10-01 11:00:00
logiciel,IT,74,18,Lundi,13.16,2024-09-30 18:00:00
reseau,IT,169,15,Vendredi,28.02,2024-10-04 15:00:00
reseau,Technique,95,10,Mardi,24.23,2024-10-01 10:00:00
logiciel,RH,56,17,Jeudi,20.58,2024-10-03 17:00:00
logiciel,IT,195,13,Mercredi,9.22,2024-10-09 13:00:00
login,RH,12,8,Mercredi,20.64,2024-10-09 08:00:00
login,RH,66,14,Mardi,16.97,2024-10-08 14:00:00
reseau,Finance,4,15,Mercredi,36.06,2024-10-09 15:00:00
logiciel,Technique,140,18,Mercredi,15.39,2024-10-09 18:00:00
login,IT,181,15,Lundi,5.17,2024-10-14 15:00:00
login,Technique,38,10,Jeudi,12.59,2024-10-17 10:00:00
logiciel,Finance,167,17,Jeudi,23.44,2024-10-17 17:00:00
login,Finance,40,8,Lundi,26.14,2024-10-14 08:00:00
login,IT,180,16,Lundi,9.14,2024-10-14 16:00:00
materiel,Finance,143,13,Mercredi,24.72,2024-10-23 13:00:00
logiciel,Technique,155,18,Vendredi,21.22,2024-10-25 18:00:00
logiciel,RH,2,16,Mercredi,28.3,2024-10-23 16:00:00
login,IT,192,14,Lundi,2.07,2024-10-21 14:00:00
logiciel,Technique,137,8,Jeudi,14.87,2024-10-24 08:00:00
login,Finance,42,8,Mercredi,18.53,2024-10-30 08:00:00
materiel,RH,161,13,Vendredi,29.98,2024-11-01 13:00:00
logiciel,Technique,38,12,Mercredi,17.26,2024-10-30 12:00:00
logiciel,Technique,171,16,Mardi,15.98,2024-10-29 16:00:00
reseau,Finance,12,9,Mercredi,29.2,2024-10-30 09:00:00
logiciel,IT,131,15,Lundi,13.89,2024-11-04 15:00:00
logiciel,RH,93,18,Jeudi,20.03,2024-11-07 18:00:00
login,Finance,10,12,Jeudi,24.58,2024-11-07 12:00:00
materiel,IT,32,9,Lundi,26.6,2024-11-04 09:00:00
login,Finance,2,17,Mardi,27.33,2024-11-05 17:00:00
login,Technique,76,18,Lundi,8.61,2024-11-11 18:00:00
reseau,Finance,41,18,Mercredi,34.56,2024-11-13 18:00:00
materiel,Finance,107,13,Lundi,24.52,2024-11-11 13:00:00
reseau,IT,41,17,Lundi,25.99,2024-11-11 17:00:00
logiciel,Finance,41,15,Mardi,24.81,2024-11-12 15:00:00
logiciel,IT,141,11,Mercredi,10.73,2024-11-20 11:00:00
materiel,Finance,5,9,Vendredi,42.82,2024-11-22 09:00:00
logiciel,Finance,178,18,Vendredi,30.11,2024-11-22 18:00:00
materiel,RH,166,12,Jeudi,22.73,2024-11-21 12:00:00
login,Technique,123,9,Lundi,7.81,2024-11-18 09:00:00
logiciel,Finance,106,9,Jeudi,17.9,2024-11-28 09:00:00
login,IT,175,13,Mardi,7.63,2024-11-26 13:00:00
login,Technique,23,18,Vendredi,21.87,2024-11-29 18:00:00
logiciel,IT,8,17,Lundi,23.39,2024-11-25 17:00:00
login,RH,32,16,Mardi,21.05,2024-11-26 16:00:00
reseau,IT,153,11,Mardi,22.24,2024-12-03 11:00:00
reseau,IT,4,13,Lundi,22.34,2024-12-02 13:00:00
reseau,IT,103,14,Mardi,23.56,2024-12-03 14:00:00
materiel,IT,199,18,Lundi,23.72,2024-12-02 18:00:00
login,IT,167,13,Lundi,2.5,2024-12-02 13:00:00
reseau,Technique,89,15,Mercredi,22.78,2024-12-11 15:00:00
materiel,RH,6,11,Jeudi,26.2,2024-12-12 11:00:00
reseau,RH,161,8,Mardi,30.64,2024-12-10 08:00:00
reseau,IT,107,14,Mardi,23.6,2024-12-10 14:00:00
reseau,Technique,12,10,Mercredi,22.83,2024-12-11 10:00:00
login,IT,9,13,Mercredi,10.11,2024-12-18 13:00:00
materiel,Technique,179,9,Mercredi,22.36,2024-12-18 09:00:00
reseau,RH,123,16,Vendredi,37.44,2024-12-20 16:00:00
materiel,RH,161,8,Vendredi,28.33,2024-12-20 08:00:00
login,Technique,172,13,Vendredi,11.44,2024-12-20 13:00:00
logiciel,Finance,101,13,Lundi,16.95,2024-12-23 13:00:00
reseau,Finance,88,12,Mardi,33.37,2024-12-24 12:00:00
logiciel,Technique,68,12,Jeudi,16.35,2024-12-26 12:00:00
logiciel,RH,44,8,Lundi,20.03,2024-12-23 08:00:00
login,Technique,68,17,Mardi,13.81,2024-12-24 17:00:00
logiciel,Finance,148,12,Mardi,18.03,2024-12-31 12:00:00
reseau,IT,108,9,Mercredi,24.07,2025-01-01 09:00:00
login,Finance,175,14,Mercredi,21.82,2025-01-01 14:00:00
materiel,Technique,71,10,Lundi,19.71,2024-12-30 10:00:00
reseau,RH,109,11,Mercredi,27.34,2025-01-01 11:00:00
logiciel,RH,114,10,Mardi,17.6,2025-01-07 10:00:00
logiciel,Finance,105,10,Mercredi,16.78,2025-01-08 10:00:00
logiciel,Technique,131,11,Vendredi,21.29,2025-01-10 11:00:00
materiel,Technique,31,12,Mercredi,26.29,2025-01-08 12:00:00
login,Finance,87,8,Mardi,17.84,2025-01-07 08:00:00
reseau,Technique,11,11,Lundi,23.79,2025-01-13 11:00:00
reseau,IT,57,18,Jeudi,24.23,2025-01-16 18:00:00
reseau,IT,81,15,Mercredi,21.93,2025-01-15 15:00:00
reseau,RH,119,17,Mardi,31.47,2025-01-14 17:00:00
materiel,Technique,189,14,Jeudi,17.88,2025-01-16 14:00:00
materiel,RH,107,16,Jeudi,26.91,2025-01-23 16:00:00
logiciel,Finance,141,12,Vendredi,25.95,2025-01-24 12:00:00
logiciel,IT,85,17,Jeudi,14.57,2025-01-23 17:00:00
logiciel,RH,115,11,Mardi,17.33,2025-01-21 11:00:00
logiciel,Technique,7,15,Mardi,17.39,2025-01-21 15:00:00
reseau,Technique,34,16,Mercredi,31.01,2025-01-29 16:00:00
materiel,Technique,51,14,Mercredi,20.24,2025-01-29 14:00:00
materiel,Technique,77,14,Mercredi,23.09,2025-01-29 14:00:00
login,RH,5,12,Jeudi,24.83,2025-01-30 12:00:00
logiciel,Finance,16,11,Jeudi,24.06,2025-01-30 11:00:00
login,Technique,38,17,Vendredi,22.14,2025-02-07 17:00:00
materiel,RH,194,8,Mercredi,22.51,2025-02-05 08:00:00
materiel,Finance,46,17,Lundi,37.19,2025-02-03 17:00:00
login,RH,80,17,Vendredi,28.65,2025-02-07 17:00:00
logiciel,RH,25,14,Lundi,20.69,2025-02-03 14:00:00
login,Finance,110,8,Jeudi,19.76,2025-02-13 08:00:00
login,RH,38,8,Vendredi,25.73,2025-02-14 08:00:00
reseau,Technique,27,12,Vendredi,32.24,2025-02-14 12:00:00
materiel,Technique,88,16,Mardi,27.02,2025-02-11 16:00:00
login,IT,1,13,Jeudi,14.52,2025-02-13 13:00:00
materiel,Finance,1,10,Jeudi,32.66,2025-02-20 10:00:00
logiciel,RH,29,10,Vendredi,29.49,2025-02-21 10:00:00
login,RH,4,14,Jeudi,18.33,2025-02-20 14:00:00
logiciel,Technique,11,13,Vendredi,24.71,2025-02-21 13:00:00
login,Technique,47,16,Mardi,18.57,2025-02-18 16:00:00
login,RH,154,13,Vendredi,22.59,2025-02-28 13:00:00
materiel,IT,101,12,Jeudi,17.8,2025-02-27 12:00:00
materiel,RH,87,17,Jeudi,25.85,2025-02-27 17:00:00
logiciel,Technique,40,14,Vendredi,19.2,2025-02-28 14:00:00
logiciel,Technique,185,8,Vendredi,20.4,2025-02-28 08:00:00
reseau,IT,60,14,Vendredi,28.49,2025-03-07 14:00:00
materiel,Technique,9,10,Mercredi,29.03,2025-03-05 10:00:00
materiel,IT,111,16,Jeudi,22.8,2025-03-06 16:00:00
logiciel,Finance,12,13,Jeudi,23.92,2025-03-06 13:00:00
login,IT,48,16,Mercredi,17.13,2025-03-05 16:00:00
materiel,RH,85,12,Vendredi,31.3,2025-03-14 12:00:00
login,IT,171,14,Mardi,4.56,2025-03-11 14:00:00
login,Technique,82,11,Vendredi,15.39,2025-03-14 11:00:00
reseau,IT,131,14,Vendredi,27.89,2025-03-14 14:00:00
reseau,Technique,199,8,Mercredi,25.32,2025-03-12 08:00:00
logiciel,Technique,15,14,Jeudi,20.14,2025-03-20 14:00:00
materiel,Technique,37,15,Vendredi,33.57,2025-03-21 15:00:00
login,Technique,59,12,Jeudi,8.24,2025-03-20 12:00:00
login,RH,65,9,Lundi,15.33,2025-03-17 09:00:00
login,RH,63,12,Jeudi,18.19,2025-03-20 12:00:00
materiel,Finance,179,13,Mardi,25.75,2025-03-25 13:00:00
logiciel,RH,134,9,Mardi,14.86,2025-03-25 09:00:00
logiciel,IT,109,13,Vendredi,15.89,2025-03-28 13:00:00
login,Finance,43,13,Jeudi,26.88,2025-03-27 13:00:00
reseau,IT,159,8,Vendredi,27.52,2025-03-28 08:00:00
logiciel,Finance,190,8,Mercredi,21.58,2025-04-02 08:00:00
logiciel,RH,159,18,Mardi,17.73,2025-04-01 18:00:00
logiciel,IT,1,17,Vendredi,31.98,2025-04-04 17:00:00
materiel,Technique,116,10,Mercredi,20.59,2025-04-02 10:00:00
login,Technique,5,17,Vendredi,30.24,2025-04-04 17:00:00
materiel,Technique,35,17,Jeudi,28.69,2025-04-10 17:00:00
logiciel,Technique,6,10,Jeudi,17.14,2025-04-10 10:00:00
login,Finance,108,11,Jeudi,18.77,2025-04-10 11:00:00
login,IT,127,9,Jeudi,8.33,2025-04-10 09:00:00
login,IT,12,16,Lundi,13.23,2025-04-07 16:00:00
login,Technique,57,17,Mercredi,5.82,2025-04-16 17:00:00
reseau,RH,74,18,Mercredi,32.12,2025-04-16 18:00:00
logiciel,Technique,53,14,Jeudi,14.9,2025-04-17 14:00:00
materiel,RH,13,14,Lundi,26.97,2025-04-14 14:00:00
login,RH,65,13,Jeudi,17.7,2025-04-17 13:00:00
materiel,Finance,142,10,Lundi,23.93,2025-04-21 10:00:00
materiel,Technique,7,13,Jeudi,25.71,2025-04-24 13:00:00
login,IT,8,15,Mardi,12.51,2025-04-22 15:00:00
materiel,Technique,50,15,Mardi,23.63,2025-04-22 15:00:00
materiel,Technique,187,18,Vendredi,30.36,2025-04-25 18:00:00
logiciel,Finance,123,16,Jeudi,25.43,2025-05-01 16:00:00
logiciel,Finance,125,8,Mercredi,19.95,2025-04-30 08:00:00
login,Finance,52,8,Vendredi,23.56,2025-05-02 08:00:00
materiel,IT,106,10,Mardi,21.04,2025-04-29 10:00:00
logiciel,RH,1,10,Jeudi,27.32,2025-05-01 10:00:00
materiel,IT,116,17,Vendredi,24.28,2025-05-09 17:00:00
reseau,Technique,180,15,Jeudi,26.73,2025-05-08 15:00:00
logiciel,Finance,110,17,Mardi,21.86,2025-05-06 17:00:00
login,Technique,171,8,Vendredi,13.39,2025-05-09 08:00:00
login,Technique,136,9,Mardi,9.02,2025-05-06 09:00:00
logiciel,IT,13,9,Lundi,15.9,2025-05-12 09:00:00
login,IT,178,10,Mardi,1.71,2025-05-13 10:00:00
logiciel,Finance,7,13,Jeudi,28.01,2025-05-15 13:00:00
reseau,Finance,92,8,Mercredi,33.33,2025-05-14 08:00:00
logiciel,Technique,17,9,Mardi,18.83,2025-05-13 09:00:00
materiel,IT,2,8,Mercredi,25.71,2025-05-21 08:00:00
logiciel,Finance,66,12,Lundi,18.26,2025-05-19 12:00:00
materiel,Technique,40,14,Vendredi,32.19,2025-05-23 14:00:00
materiel,Technique,80,15,Vendredi,25.71,2025-05-23 15:00:00
reseau,Technique,102,17,Mercredi,28.34,2025-05-21 17:00:00
materiel,RH,5,8,Vendredi,39.72,2025-05-30 08:00:00
reseau,Technique,14,14,Mardi,22.58,2025-05-27 14:00:00
reseau,IT,97,12,Mercredi,22.5,2025-05-28 12:00:00
login,RH,48,17,Jeudi,24.63,2025-05-29 17:00:00
login,Finance,137,8,Mardi,22.68,2025-05-27 08:00:00
login,IT,119,10,Mardi,2.66,2025-06-03 10:00:00
login,RH,164,14,Mardi,17.04,2025-06-03 14:00:00
login,IT,129,17,Jeudi,10.26,2025-06-05 17:00:00
logiciel,Technique,67,8,Lundi,9.25,2025-06-02 08:00:00
login,Finance,124,14,Vendredi,25.82,2025-06-06 14:00:00
materiel,IT,37,12,Mercredi,25.76,2025-06-11 12:00:00
reseau,Finance,42,8,Lundi,32.18,2025-06-09 08:00:00
login,Technique,151,8,Mercredi,6.83,2025-06-11 08:00:00
reseau,Finance,71,8,Vendredi,37.67,2025-06-13 08:00:00
login,Technique,153,18,Jeudi,11.34,2025-06-12 18:00:00
login,RH,159,16,Mardi,16.62,2025-06-17 16:00:00
logiciel,Finance,167,18,Mardi,23.39,2025-06-17 18:00:00
logiciel,IT,181,10,Jeudi,10.27,2025-06-19 10:00:00
reseau,Finance,68,12,Lundi,29.59,2025-06-16 12:00:00
logiciel,Technique,44,18,Lundi,27.97,2025-06-16 18:00:00
reseau,Finance,103,17,Mercredi,37.51,2025-06-25 17:00:00
login,IT,54,16,Jeudi,6.7,2025-06-26 16:00:00
login,RH,107,13,Lundi,16.69,2025-06-23 13:00:00
logiciel,IT,132,16,Jeudi,17.92,2025-06-26 16:00:00
reseau,Technique,128,15,Vendredi,28.01,2025-06-27 15:00:00
reseau,Finance,54,15,Mardi,31.15,2025-07-01 15:00:00
materiel,RH,20,8,Mardi,29.25,2025-07-01 08:00:00
materiel,RH,68,16,Mardi,24.45,2025-07-01 16:00:00
logiciel,Technique,17,13,Jeudi,19.76,2025-07-03 13:00:00
materiel,Finance,175,16,Jeudi,32.23,2025-07-03 16:00:00
reseau,IT,48,10,Mercredi,26.02,2025-07-09 10:00:00
reseau,Finance,19,10,Mardi,30.5,2025-07-08 10:00:00
materiel,Finance,3,13,Mercredi,41.0,2025-07-09 13:00:00
logiciel,Technique,118,16,Mardi,12.88,2025-07-08 16:00:00
logiciel,Technique,116,14,Mercredi,13.71,2025-07-09 14:00:00
login,RH,48,10,Mercredi,17.18,2025-07-16 10:00:00
reseau,RH,7,10,Vendredi,34.18,2025-07-18 10:00:00
materiel,RH,63,9,Mercredi,21.96,2025-07-16 09:00:00
reseau,Technique,43,16,Jeudi,30.01,2025-07-17 16:00:00
materiel,Technique,125,10,Mercredi,19.75,2025-07-16 10:00:00
reseau,Technique,108,18,Mardi,27.35,2025-07-22 18:00:00
materiel,IT,52,12,Mercredi,16.48,2025-07-23 12:00:00
login,IT,28,16,Lundi,18.86,2025-07-21 16:00:00
reseau,Technique,198,15,Mardi,25.89,2025-07-22 15:00:00
login,IT,73,9,Lundi,1.6,2025-07-21 09:00:00
materiel,Finance,128,10,Mardi,27.1,2025-07-29 10:00:00
reseau,RH,16,9,Jeudi,27.61,2025-07-31 09:00:00
reseau,Finance,80,15,Jeudi,31.01,2025-07-31 15:00:00
logiciel,RH,3,13,Jeudi,27.64,2025-07-31 13:00:00
logiciel,Technique,85,13,Lundi,15.37,2025-07-28 13:00:00
materiel,IT,192,16,Vendredi,26.28,2025-08-08 16:00:00
login,RH,57,15,Mardi,15.94,2025-08-05 15:00:00
materiel,RH,4,11,Jeudi,31.91,2025-08-07 11:00:00
logiciel,Technique,3,11,Mardi,24.19,2025-08-05 11:00:00
logiciel,IT,58,16,Lundi,14.54,2025-08-04 16:00:00
logiciel,Finance,19,8,Vendredi,31.06,2025-08-15 08:00:00
logiciel,Technique,3,9,Lundi,22.46,2025-08-11 09:00:00
login,RH,144,9,Mardi,15.79,2025-08-12 09:00:00
materiel,RH,74,13,Vendredi,32.41,2025-08-15 13:00:00
login,IT,40,11,Vendredi,21.78,2025-08-15 11:00:00
materiel,IT,177,18,Lundi,22.75,2025-08-18 18:00:00
materiel,RH,13,17,Jeudi,32.8,2025-08-21 17:00:00
reseau,IT,190,10,Mardi,19.81,2025-08-19 10:00:00
materiel,Technique,43,10,Mercredi,24.48,2025-08-20 10:00:00
login,IT,174,10,Mercredi,4.75,2025-08-20 10:00:00
login,Technique,108,13,Lundi,5.57,2025-08-25 13:00:00
logiciel,Technique,160,15,Mardi,11.78,2025-08-26 15:00:00
logiciel,Technique,197,18,Mardi,20.15,2025-08-26 18:00:00
login,Technique,39,14,Lundi,13.06,2025-08-25 14:00:00
login,RH,191,11,Mardi,16.24,2025-08-26 11:00:00
logiciel,RH,58,18,Jeudi,18.65,2025-09-04 18:00:00
login,Finance,57,11,Lundi,21.36,2025-09-01 11:00:00
reseau,Technique,47,18,Jeudi,28.57,2025-09-04 18:00:00
logiciel,Finance,93,17,Mardi,21.96,2025-09-02 17:00:00
login,Technique,18,18,Lundi,13.84,2025-09-01 18:00:00
login,IT,96,18,Mardi,8.88,2025-09-09 18:00:00
reseau,RH,93,18,Lundi,30.9,2025-09-08 18:00:00
materiel,Technique,145,9,Mardi,23.37,2025-09-09 09:00:00
materiel,Finance,162,8,Jeudi,29.69,2025-09-11 08:00:00
reseau,IT,70,16,Jeudi,24.53,2025-09-11 16:00:00
reseau,RH,42,9,Mardi,25.76,2025-09-16 09:00:00
reseau,Technique,35,15,Lundi,24.45,2025-09-15 15:00:00
logiciel,IT,25,16,Mercredi,19.37,2025-09-17 16:00:00
materiel,IT,6,11,Jeudi,24.43,2025-09-18 11:00:00
login,Technique,48,15,Jeudi,12.35,2025-09-18 15:00:00
logiciel,Technique,37,16,Mercredi,23.56,2025-09-24 16:00:00
logiciel,Technique,193,17,Mardi,19.03,2025-09-23 17:00:00
materiel,IT,97,17,Lundi,19.87,2025-09-22 17:00:00
reseau,Technique,49,12,Mardi,26.99,2025-09-23 12:00:00
login,RH,103,14,Vendredi,20.54,2025-09-26 14:00:00
materiel,IT,16,17,Jeudi,32.3,2025-10-02 17:00:00
login,Technique,71,11,Vendredi,16.24,2025-10-03 11:00:00
materiel,Technique,113,8,Jeudi,19.77,2025-10-02 08:00:00
login,Finance,81,10,Jeudi,17.07,2025-10-02 10:00:00
login,Technique,61,12,Vendredi,10.69,2025-10-03 12:00:00
login,Finance,199,10,Vendredi,26.75,2025-10-10 10:00:00
logiciel,Technique,173,18,Mardi,16.94,2025-10-07 18:00:00
logiciel,RH,113,14,Vendredi,23.85,2025-10-10 14:00:00
logiciel,Technique,100,16,Mardi,21.41,2025-10-07 16:00:00
reseau,IT,112,13,Mardi,21.46,2025-10-07 13:00:00
materiel,RH,26,17,Mardi,30.54,2025-10-14 17:00:00
login,IT,59,8,Jeudi,5.39,2025-10-16 08:00:00
reseau,Finance,4,14,Jeudi,39.29,2025-10-16 14:00:00
login,IT,78,10,Vendredi,9.12,2025-10-17 10:00:00
reseau,IT,94,12,Jeudi,23.07,2025-10-16 12:00:00
login,Technique,30,17,Vendredi,25.74,2025-10-24 17:00:00
reseau,Technique,192,11,Jeudi,21.73,2025-10-23 11:00:00
login,IT,179,17,Lundi,9.47,2025-10-20 17:00:00
reseau,Finance,136,12,Lundi,29.92,2025-10-20 12:00:00
materiel,Finance,92,12,Vendredi,32.25,2025-10-24 12:00:00
reseau,Technique,170,13,Jeudi,26.42,2025-10-30 13:00:00
login,IT,15,17,Jeudi,15.44,2025-10-30 17:00:00
logiciel,IT,152,17,Mardi,12.98,2025-10-28 17:00:00
reseau,IT,14,18,Mercredi,26.0,2025-10-29 18:00:00
materiel,Finance,152,13,Vendredi,34.85,2025-10-31 13:00:00
logiciel,IT,37,15,Mercredi,17.66,2025-11-05 15:00:00
logiciel,RH,172,15,Mercredi,17.68,2025-11-05 15:00:00
materiel,Technique,187,18,Vendredi,30.5,2025-11-07 18:00:00
logiciel,RH,18,16,Jeudi,27.62,2025-11-06 16:00:00
logiciel,Finance,75,15,Vendredi,24.21,2025-11-07 15:00:00
reseau,Finance,196,18,Mercredi,33.46,2025-11-12 18:00:00
login,Finance,80,9,Jeudi,20.53,2025-11-13 09:00:00
login,Technique,169,17,Lundi,13.25,2025-11-10 17:00:00
reseau,Finance,104,18,Vendredi,39.17,2025-11-14 18:00:00
reseau,Finance,55,8,Vendredi,35.85,2025-11-14 08:00:00
materiel,Finance,39,17,Jeudi,35.67,2025-11-20 17:00:00
logiciel,Finance,26,9,Lundi,28.24,2025-11-17 09:00:00
login,Finance,145,9,Lundi,20.13,2025-11-17 09:00:00
login,RH,57,10,Jeudi,13.35,2025-11-20 10:00:00
materiel,Technique,86,17,Mardi,23.81,2025-11-18 17:00:00
materiel,Technique,82,14,Vendredi,25.51,2025-11-28 14:00:00
logiciel,Technique,102,9,Vendredi,16.65,2025-11-28 09:00:00
login,Technique,169,8,Mercredi,6.79,2025-11-26 08:00:00
reseau,Finance,196,13,Jeudi,30.42,2025-11-27 13:00:00
reseau,IT,62,16,Mercredi,26.28,2025-11-26 16:00:00
logiciel,Technique,160,10,Mercredi,12.19,2025-12-03 10:00:00
materiel,Technique,146,13,Lundi,22.94,2025-12-01 13:00:00
materiel,RH,101,10,Vendredi,28.27,2025-12-05 10:00:00
reseau,Finance,190,8,Mercredi,31.1,2025-12-03 08:00:00
logiciel,Finance,26,12,Lundi,24.88,2025-12-01 12:00:00
login,Finance,12,17,Jeudi,25.99,2025-12-11 17:00:00
reseau,Technique,166,18,Mercredi,29.16,2025-12-10 18:00:00
reseau,Technique,70,11,Vendredi,31.13,2025-12-12 11:00:00
reseau,Technique,165,14,Mercredi,25.16,2025-12-10 14:00:00
logiciel,IT,176,13,Jeudi,9.28,2025-12-11 13:00:00
logiciel,IT,6,17,Mercredi,20.59,2025-12-17 17:00:00
materiel,Technique,173,14,Vendredi,27.52,2025-12-19 14:00:00
reseau,IT,72,12,Lundi,22.64,2025-12-15 12:00:00
reseau,RH,86,11,Vendredi,34.32,2025-12-19 11:00:00
login,RH,113,14,Lundi,16.33,2025-12-15 14:00:00
login,RH,183,14,Mardi,16.83,2025-12-23 14:00:00
materiel,Technique,2,13,Vendredi,33.12,2025-12-26 13:00:00
reseau,IT,78,15,Vendredi,28.65,2025-12-26 15:00:00
reseau,Finance,128,11,Jeudi,29.18,2025-12-25 11:00:00
login,IT,136,17,Mercredi,6.56,2025-12-24 17:00:00
logiciel,RH,129,12,Lundi,18.04,2025-12-29 12:00:00
materiel,IT,15,11,Lundi,25.54,2025-12-29 11:00:00
reseau,Finance,41,8,Jeudi,32.3,2026-01-01 08:00:00
reseau,RH,51,15,Jeudi,29.62,2026-01-01 15:00:00
reseau,Technique,155,8,Mercredi,24.68,2025-12-31 08:00:00
materiel,Finance,38,12,Mercredi,30.75,2026-01-07 12:00:00
materiel,Finance,27,13,Vendredi,36.04,2026-01-09 13:00:00
login,Finance,191,13,Mardi,16.82,2026-01-06 13:00:00
login,IT,1,12,Mercredi,17.42,2026-01-07 12:00:00
reseau,Technique,200,10,Jeudi,24.01,2026-01-08 10:00:00
reseau,Finance,125,12,Mercredi,33.11,2026-01-14 12:00:00
reseau,Technique,160,15,Lundi,24.63,2026-01-12 15:00:00
reseau,Technique,40,9,Mardi,23.65,2026-01-13 09:00:00
logiciel,Finance,2,13,Vendredi,32.81,2026-01-16 13:00:00
logiciel,Finance,139,16,Lundi,21.82,2026-01-12 16:00:00
reseau,RH,162,15,Lundi,30.84,2026-01-19 15:00:00
reseau,RH,140,18,Mardi,29.83,2026-01-20 18:00:00
login,Technique,17,15,Vendredi,23.23,2026-01-23 15:00:00
materiel,RH,143,15,Jeudi,21.32,2026-01-22 15:00:00
login,Technique,147,14,Vendredi,14.5,2026-01-23 14:00:00
reseau,Technique,121,15,Mercredi,24.71,2026-01-28 15:00:00
logiciel,RH,146,13,Lundi,15.36,2026-01-26 13:00:00
login,Technique,165,9,Mercredi,4.46,2026-01-28 09:00:00
logiciel,Finance,110,9,Jeudi,18.8,2026-01-29 09:00:00
logiciel,IT,9,15,Mercredi,14.68,2026-01-28 15:00:00
materiel,Technique,81,18,Vendredi,26.64,2026-02-06 18:00:00
login,IT,8,8,Mercredi,11.24,2026-02-04 08:00:00
logiciel,Technique,62,13,Jeudi,11.73,2026-02-05 13:00:00
materiel,RH,62,13,Jeudi,26.37,2026-02-05 13:00:00
logiciel,Technique,7,18,Jeudi,25.0,2026-02-05 18:00:00
materiel,IT,49,11,Vendredi,33.39,2026-02-13 11:00:00
reseau,Technique,12,18,Jeudi,27.64,2026-02-12 18:00:00
logiciel,IT,156,18,Lundi,15.27,2026-02-09 18:00:00
logiciel,IT,188,17,Jeudi,9.76,2026-02-12 17:00:00
reseau,Finance,7,10,Mercredi,30.44,2026-02-11 10:00:00
materiel,Finance,190,18,Mercredi,30.2,2026-02-18 18:00:00
login,Technique,89,10,Mercredi,7.31,2026-02-18 10:00:00
login,Finance,41,8,Vendredi,28.92,2026-02-20 08:00:00
logiciel,IT,8,10,Mercredi,17.13,2026-02-18 10:00:00
logiciel,IT,84,11,Vendredi,11.57,2026-02-20 11:00:00
logiciel,Finance,153,18,Vendredi,29.51,2026-02-27 18:00:00
login,Finance,132,18,Jeudi,23.97,2026-02-26 18:00:00
login,IT,5,12,Lundi,17.68,2026-02-23 12:00:00
login,Finance,7,10,Jeudi,23.74,2026-02-26 10:00:00
materiel,IT,61,13,Jeudi,17.74,2026-02-26 13:00:00
logiciel,Finance,40,18,Vendredi,37.21,2026-03-06 18:00:00
materiel,Technique,31,12,Vendredi,27.29,2026-03-06 12:00:00
materiel,RH,38,10,Mercredi,27.97,2026-03-04 10:00:00
reseau,Technique,155,13,Mercredi,23.47,2026-03-04 13:00:00
materiel,Technique,184,13,Jeudi,19.93,2026-03-05 13:00:00
materiel,Technique,62,15,Mardi,15.6,2026-03-10 15:00:00
logiciel,RH,179,9,Mardi,18.64,2026-03-10 09:00:00
materiel,Technique,45,8,Mercredi,25.5,2026-03-11 08:00:00
logiciel,IT,78,11,Mardi,11.64,2026-03-10 11:00:00
reseau,Finance,30,14,Mercredi,31.45,2026-03-11 14:00:00
reseau,RH,117,18,Vendredi,40.52,2026-03-20 18:00:00
login,RH,196,17,Jeudi,16.28,2026-03-19 17:00:00
reseau,Technique,108,10,Lundi,25.22,2026-03-16 10:00:00
materiel,Technique,51,10,Jeudi,22.29,2026-03-19 10:00:00
login,Technique,118,12,Mercredi,6.8,2026-03-18 12:00:00
materiel,Finance,14,12,Mercredi,30.1,2026-03-25 12:00:00
reseau,Finance,175,17,Jeudi,33.79,2026-03-26 17:00:00
materiel,Technique,84,10,Mercredi,19.21,2026-03-25 10:00:00
materiel,Technique,72,16,Mardi,22.56,2026-03-24 16:00:00
logiciel,IT,104,11,Mardi,10.69,2026-03-24 11:00:00
login,RH,113,10,Mercredi,19.02,2026-04-01 10:00:00
login,Technique,7,18,Mercredi,15.81,2026-04-01 18:00:00
login,Finance,126,9,Mardi,18.02,2026-03-31 09:00:00
login,Finance,32,17,Mercredi,27.92,2026-04-01 17:00:00
login,Technique,134,18,Mercredi,10.65,2026-04-01 18:00:00
login,Technique,159,16,Jeudi,8.34,2026-04-09 16:00:00
logiciel,IT,155,11,Lundi,10.88,2026-04-06 11:00:00
login,RH,96,10,Mardi,15.8,2026-04-07 10:00:00
materiel,RH,88,14,Jeudi,24.95,2026-04-09 14:00:00
reseau,Technique,17,15,Lundi,23.06,2026-04-06 15:00:00
materiel,Technique,148,18,Mercredi,25.96,2026-04-15 18:00:00
logiciel,Finance,37,9,Mercredi,24.8,2026-04-15 09:00:00
login,RH,83,14,Jeudi,13.78,2026-04-16 14:00:00
login,RH,39,12,Mercredi,17.38,2026-04-15 12:00:00
login,IT,15,18,Vendredi,24.87,2026-04-17 18:00:00
login,RH,114,12,Jeudi,15.68,2026-04-23 12:00:00
login,Finance,6,10,Lundi,24.87,2026-04-20 10:00:00
login,Finance,142,12,Jeudi,15.58,2026-04-23 12:00:00
login,Finance,44,9,Mardi,28.28,2026-04-21 09:00:00
login,RH,1,11,Jeudi,21.79,2026-04-23 11:00:00
materiel,Technique,86,13,Mercredi,19.49,2026-04-29 13:00:00
login,RH,5,8,Mercredi,19.39,2026-04-29 08:00:00
materiel,IT,37,17,Vendredi,35.47,2026-05-01 17:00:00
materiel,Finance,132,11,Vendredi,33.35,2026-05-01 11:00:00
logiciel,Technique,6,13,Vendredi,25.37,2026-05-01 13:00:00
login,IT,163,16,Lundi,9.02,2026-05-04 16:00:00
logiciel,Technique,1,18,Vendredi,34.12,2026-05-08 18:00:00
logiciel,Technique,33,18,Lundi,19.52,2026-05-04 18:00:00
login,Finance,140,9,Vendredi,24.26,2026-05-08 09:00:00
reseau,Finance,44,18,Lundi,31.71,2026-05-04 18:00:00
reseau,Technique,10,14,Jeudi,26.21,2026-05-14 14:00:00
login,IT,51,13,Jeudi,3.65,2026-05-14 13:00:00
login,Technique,37,9,Mercredi,9.86,2026-05-13 09:00:00
reseau,Technique,164,15,Lundi,23.41,2026-05-11 15:00:00
logiciel,Technique,43,14,Mardi,19.3,2026-05-12 14:00:00
login,Technique,151,18,Mercredi,10.59,2026-05-20 18:00:00
login,RH,175,12,Jeudi,13.65,2026-05-21 12:00:00
materiel,Technique,68,12,Lundi,16.59,2026-05-18 12:00:00
materiel,IT,179,14,Vendredi,24.15,2026-05-22 14:00:00
logiciel,RH,55,16,Mardi,18.84,2026-05-19 16:00:00
materiel,Technique,192,18,Jeudi,23.48,2026-05-28 18:00:00
materiel,Finance,9,16,Mercredi,35.68,2026-05-27 16:00:00
logiciel,Technique,127,16,Lundi,17.86,2026-05-25 16:00:00
login,RH,82,13,Mardi,17.69,2026-05-26 13:00:00
login,Technique,58,17,Lundi,11.29,2026-05-25 17:00:00
logiciel,IT,115,13,Vendredi,16.36,2026-06-05 13:00:00
reseau,Finance,131,10,Mercredi,31.05,2026-06-03 10:00:00
materiel,Technique,1,8,Lundi,25.32,2026-06-01 08:00:00
materiel,IT,20,14,Jeudi,20.71,2026-06-04 14:00:00
login,IT,133,11,Mercredi,7.18,2026-06-03 11:00:00
materiel,Finance,123,8,Jeudi,27.81,2026-06-11 08:00:00
materiel,Finance,193,15,Lundi,29.98,2026-06-08 15:00:00
login,RH,145,13,Mercredi,20.56,2026-06-10 13:00:00
login,IT,189,13,Jeudi,2.65,2026-06-11 13:00:00
materiel,IT,131,9,Vendredi,23.33,2026-06-12 09:00:00
login,Technique,41,8,Vendredi,24.02,2026-06-19 08:00:00
materiel,IT,11,9,Lundi,23.92,2026-06-15 09:00:00
login,Technique,150,11,Mercredi,7.49,2026-06-17 11:00:00
materiel,Technique,117,9,Mardi,16.96,2026-06-16 09:00:00
login,RH,5,8,Mercredi,20.3,2026-06-17 08:00:00
reseau,IT,51,14,Vendredi,32.86,2026-06-26 14:00:00
logiciel,RH,190,18,Jeudi,22.57,2026-06-25 18:00:00
logiciel,IT,84,18,Mardi,13.78,2026-06-23 18:00:00
logiciel,IT,68,15,Lundi,10.21,2026-06-22 15:00:00
materiel,Technique,74,13,Mardi,17.74,2026-06-23 13:00:00
login,RH,27,11,Lundi,18.3,2026-06-29 11:00:00
materiel,Finance,53,13,Mardi,22.18,2026-06-30 13:00:00
logiciel,Finance,53,10,Lundi,18.83,2026-06-29 10:00:00
logiciel,Finance,5,15,Lundi,32.02,2026-06-29 15:00:00
materiel,RH,146,17,Mardi,27.71,2026-06-30 17:00:00
login,IT,64,9,Mardi,7.73,2026-07-07 09:00:00
login,Technique,159,12,Lundi,9.15,2026-07-06 12:00:00
materiel,Finance,166,8,Vendredi,30.91,2026-07-10 08:00:00
logiciel,Finance,28,13,Mardi,23.48,2026-07-07 13:00:00
logiciel,Finance,120,9,Mercredi,17.56,2026-07-08 09:00:00
materiel,Technique,77,11,Jeudi,16.57,2026-07-16 11:00:00
reseau,Technique,173,13,Lundi,25.06,2026-07-13 13:00:00
logiciel,IT,28,17,Lundi,15.19,2026-07-13 17:00:00
login,Technique,125,18,Jeudi,12.18,2026-07-16 18:00:00
login,IT,109,15,Vendredi,11.14,2026-07-17 15:00:00
login,IT,40,15,Jeudi,11.94,2026-07-23 15:00:00
login,Finance,16,18,Mardi,29.11,2026-07-21 18:00:00
login,IT,119,13,Jeudi,5.4,2026-07-23 13:00:00
login,RH,139,11,Lundi,19.26,2026-07-20 11:00:00
login,IT,44,15,Jeudi,12.24,2026-07-23 15:00:00
login,Finance,118,15,Mercredi,17.49,2026-07-29 15:00:00
reseau,IT,59,17,Mardi,26.52,2026-07-28 17:00:00
login,IT,134,8,Jeudi,1.0,2026-07-30 08:00:00
materiel,IT,26,11,Lundi,22.2,2026-07-27 11:00:00
materiel,IT,175,11,Mardi,17.24,2026-07-28 11:00:00
reseau,Finance,39,14,Lundi,32.09,2026-08-03 14:00:00
login,RH,53,18,Vendredi,24.5,2026-08-07 18:00:00
materiel,Finance,6,14,Mercredi,29.51,2026-08-05 14:00:00
reseau,RH,12,18,Vendredi,34.22,2026-08-07 18:00:00
reseau,Technique,87,15,Mercredi,23.81,2026-08-05 15:00:00
reseau,Finance,36,18,Jeudi,38.9,2026-08-13 18:00:00
login,IT,162,12,Mardi,5.54,2026-08-11 12:00:00
login,Technique,2,14,Jeudi,18.88,2026-08-13 14:00:00
logiciel,IT,56,15,Mercredi,9.2,2026-08-12 15:00:00
reseau,RH,47,16,Mercredi,28.85,2026-08-12 16:00:00
logiciel,IT,2,10,Mercredi,18.56,2026-08-19 10:00:00
logiciel,IT,14,10,Lundi,16.81,2026-08-17 10:00:00
login,Technique,64,11,Mardi,3.01,2026-08-18 11:00:00
logiciel,Technique,82,12,Jeudi,10.99,2026-08-20 12:00:00
login,IT,61,17,Jeudi,7.83,2026-08-20 17:00:00
materiel,RH,91,8,Vendredi,26.36,2026-08-28 08:00:00
materiel,Technique,106,14,Mercredi,15.75,2026-08-26 14:00:00
materiel,Finance,1,16,Mercredi,40.58,2026-08-26 16:00:00
login,RH,75,15,Mercredi,16.09,2026-08-26 15:00:00
login,Finance,192,12,Jeudi,20.56,2026-08-27 12:00:00
logiciel,RH,88,11,Vendredi,19.78,2026-09-04 11:00:00
login,RH,125,14,Lundi,17.52,2026-08-31 14:00:00
logiciel,RH,43,12,Mardi,25.06,2026-09-01 12:00:00
login,IT,148,14,Lundi,5.52,2026-08-31 14:00:00
materiel,Technique,147,8,Jeudi,18.78,2026-09-03 08:00:00
materiel,IT,89,8,Mercredi,18.29,2026-09-09 08:00:00
login,Finance,195,17,Mardi,21.68,2026-09-08 17:00:00
materiel,Finance,14,10,Jeudi,30.35,2026-09-10 10:00:00
login,Technique,2,18,Jeudi,22.37,2026-09-10 18:00:00
login,Finance,147,9,Jeudi,18.72,2026-09-10 09:00:00
reseau,RH,155,9,Mardi,30.41,2026-09-15 09:00:00
materiel,Technique,13,14,Mardi,25.12,2026-09-15 14:00:00
reseau,Finance,36,17,Vendredi,40.32,2026-09-18 17:00:00
login,Technique,2,9,Vendredi,21.87,2026-09-18 09:00:00
logiciel,Technique,40,18,Lundi,20.76,2026-09-14 18:00:00
logiciel,RH,148,11,Mardi,17.63,2026-09-22 11:00:00
logiciel,RH,88,9,Mardi,20.37,2026-09-22 09:00:00
materiel,IT,49,13,Mardi,23.24,2026-09-22 13:00:00
materiel,Technique,54,15,Vendredi,24.64,2026-09-25 15:00:00
materiel,RH,1,17,Jeudi,35.51,2026-09-24 17:00:00
reseau,IT,41,11,Mercredi,21.64,2026-09-30 11:00:00
reseau,RH,118,12,Vendredi,37.3,2026-10-02 12:00:00
reseau,Technique,194,11,Mardi,23.56,2026-09-29 11:00:00
login,IT,165,10,Vendredi,9.83,2026-10-02 10:00:00
logiciel,Finance,3,12,Lundi,26.52,2026-09-28 12:00:00
reseau,RH,177,16,Mardi,32.59,2026-10-06 16:00:00
login,RH,150,15,Lundi,15.87,2026-10-05 15:00:00
login,Finance,149,15,Mardi,16.73,2026-10-06 15:00:00
logiciel,RH,74,15,Vendredi,20.21,2026-10-09 15:00:00
logiciel,Technique,60,15,Jeudi,16.07,2026-10-08 15:00:00
reseau,RH,42,14,Mercredi,28.07,2026-10-14 14:00:00
login,Technique,7,15,Lundi,13.2,2026-10-12 15:00:00
logiciel,IT,30,18,Vendredi,27.21,2026-10-16 18:00:00
login,IT,33,15,Jeudi,13.79,2026-10-15 15:00:00
login,Technique,80,15,Vendredi,10.91,2026-10-16 15:00:00
login,Finance,142,17,Lundi,22.21,2026-10-19 17:00:00
reseau,Technique,78,14,Mercredi,24.66,2026-10-21 14:00:00
logiciel,Technique,6,8,Vendredi,21.56,2026-10-23 08:00:00
materiel,Finance,191,11,Mardi,24.17,2026-10-20 11:00:00
materiel,RH,187,11,Jeudi,25.09,2026-10-22 11:00:00
reseau,IT,150,12,Vendredi,30.52,2026-10-30 12:00:00
materiel,Finance,198,17,Jeudi,31.87,2026-10-29 17:00:00
reseau,RH,94,13,Mardi,26.82,2026-10-27 13:00:00
materiel,Finance,192,11,Mercredi,25.07,2026-10-28 11:00:00
materiel,Finance,8,9,Mercredi,28.42,2026-10-28 09:00:00
materiel,IT,52,13,Mardi,19.86,2026-11-03 13:00:00
materiel,Technique,30,15,Jeudi,28.19,2026-11-05 15:00:00
logiciel,IT,25,15,Vendredi,25.17,2026-11-06 15:00:00
materiel,RH,16,14,Mardi,32.21,2026-11-03 14:00:00
login,Finance,112,13,Lundi,19.84,2026-11-02 13:00:00
reseau,Technique,149,9,Jeudi,28.11,2026-11-12 09:00:00
materiel,RH,102,14,Mercredi,22.6,2026-11-11 14:00:00
materiel,Finance,17,18,Mardi,32.47,2026-11-10 18:00:00
reseau,IT,156,12,Mercredi,24.72,2026-11-11 12:00:00
logiciel,RH,115,13,Jeudi,12.39,2026-11-12 13:00:00
login,Technique,58,17,Mercredi,11.34,2026-11-18 17:00:00
reseau,Finance,124,15,Mardi,32.91,2026-11-17 15:00:00
logiciel,RH,35,15,Jeudi,22.65,2026-11-19 15:00:00
materiel,Finance,48,10,Lundi,36.56,2026-11-16 10:00:00
login,IT,181,14,Mardi,1.07,2026-11-17 14:00:00
logiciel,IT,40,8,Vendredi,22.83,2026-11-27 08:00:00
logiciel,IT,77,8,Mardi,11.03,2026-11-24 08:00:00
materiel,Technique,175,14,Jeudi,17.31,2026-11-26 14:00:00
reseau,RH,132,17,Mardi,29.69,2026-11-24 17:00:00
logiciel,Technique,6,16,Lundi,21.31,2026-11-23 16:00:00
login,Technique,17,14,Lundi,10.8,2026-11-30 14:00:00
materiel,IT,1,17,Vendredi,33.78,2026-12-04 17:00:00
login,RH,114,12,Mercredi,14.79,2026-12-02 12:00:00
logiciel,Technique,72,15,Jeudi,13.64,2026-12-03 15:00:00
login,RH,15,9,Jeudi,21.3,2026-12-03 09:00:00
logiciel,Finance,191,16,Mercredi,24.16,2026-12-09 16:00:00
logiciel,Technique,91,13,Lundi,12.18,2026-12-07 13:00:00
reseau,Technique,32,16,Lundi,29.57,2026-12-07 16:00:00
materiel,Finance,84,9,Mardi,28.07,2026-12-08 09:00:00
reseau,Finance,126,10,Vendredi,37.89,2026-12-11 10:00:00
login,Technique,8,15,Vendredi,22.72,2026-12-18 15:00:00
reseau,IT,37,8,Vendredi,30.96,2026-12-18 08:00:00
login,IT,155,17,Mardi,12.44,2026-12-15 17:00:00
materiel,IT,74,14,Vendredi,19.02,2026-12-18 14:00:00
logiciel,IT,95,14,Mercredi,11.19,2026-12-16 14:00:00
login,Finance,68,8,Mardi,18.35,2026-12-22 08:00:00
login,Technique,5,16,Mercredi,20.75,2026-12-23 16:00:00
logiciel,Finance,20,15,Mardi,23.39,2026-12-22 15:00:00
logiciel,Finance,71,11,Vendredi,25.79,2026-12-25 11:00:00
logiciel,IT,27,17,Mercredi,17.38,2026-12-23 17:00:00
logiciel,RH,5,18,Mercredi,30.81,2026-12-30 18:00:00
materiel,IT,164,12,Mercredi,16.46,2026-12-30 12:00:00
login,Technique,196,9,Mardi,6.0,2026-12-29 09:00:00
materiel,Technique,152,16,Jeudi,24.88,2026-12-31 16:00:00
login,Technique,166,13,Vendredi,13.16,2027-01-01 13:00:00
reseau,IT,32,10,Mercredi,25.11,2027-01-06 10:00:00
logiciel,Technique,191,14,Jeudi,11.06,2027-01-07 14:00:00
materiel,Technique,25,16,Vendredi,35.84,2027-01-08 16:00:00
materiel,RH,189,10,Vendredi,30.78,2027-01-08 10:00:00
reseau,Technique,199,9,Mercredi,25.72,2027-01-06 09:00:00
login,RH,133,14,Mercredi,16.85,2027-01-13 14:00:00
logiciel,Technique,196,14,Mardi,15.22,2027-01-12 14:00:00
materiel,Technique,100,11,Jeudi,19.19,2027-01-14 11:00:00
logiciel,Technique,35,18,Jeudi,21.77,2027-01-14 18:00:00
login,RH,69,16,Mercredi,21.15,2027-01-13 16:00:00
reseau,RH,106,15,Vendredi,33.7,2027-01-22 15:00:00
reseau,Technique,7,8,Mercredi,27.24,2027-01-20 08:00:00
logiciel,RH,112,8,Vendredi,22.74,2027-01-22 08:00:00
logiciel,RH,196,12,Vendredi,20.75,2027-01-22 12:00:00
reseau,RH,24,13,Mercredi,28.68,2027-01-20 13:00:00
logiciel,IT,152,10,Lundi,9.19,2027-01-25 10:00:00
login,Technique,179,16,Jeudi,12.89,2027-01-28 16:00:00
logiciel,Finance,187,17,Vendredi,26.21,2027-01-29 17:00:00
logiciel,Finance,191,13,Vendredi,27.44,2027-01-29 13:00:00
materiel,Finance,89,11,Lundi,26.64,2027-01-25 11:00:00
logiciel,IT,195,14,Mardi,10.67,2027-02-02 14:00:00
reseau,Technique,144,15,Lundi,26.53,2027-02-01 15:00:00
reseau,RH,20,16,Lundi,33.02,2027-02-01 16:00:00
materiel,RH,78,18,Vendredi,35.66,2027-02-05 18:00:00
login,RH,135,13,Jeudi,18.64,2027-02-04 13:00:00
reseau,Technique,33,13,Lundi,25.7,2027-02-08 13:00:00
reseau,IT,117,15,Mardi,21.26,2027-02-09 15:00:00
login,Finance,123,12,Mercredi,17.92,2027-02-10 12:00:00
reseau,RH,20,10,Lundi,27.86,2027-02-08 10:00:00
reseau,RH,99,10,Lundi,30.16,2027-02-08 10:00:00
materiel,IT,147,13,Mardi,17.09,2027-02-16 13:00:00
logiciel,Finance,83,9,Jeudi,18.25,2027-02-18 09:00:00
materiel,IT,2,13,Lundi,27.7,2027-02-15 13:00:00
login,Technique,1,13,Lundi,16.79,2027-02-15 13:00:00
materiel,Finance,50,15,Jeudi,30.73,2027-02-18 15:00:00
reseau,Finance,183,14,Mardi,32.55,2027-02-23 14:00:00
login,RH,30,15,Lundi,19.89,2027-02-22 15:00:00
materiel,Technique,115,16,Jeudi,21.22,2027-02-25 16:00:00
materiel,IT,29,13,Lundi,26.08,2027-02-22 13:00:00
materiel,Technique,45,10,Mercredi,24.51,2027-02-24 10:00:00
reseau,Technique,165,17,Vendredi,35.09,2027-03-05 17:00:00
materiel,RH,137,10,Mercredi,22.86,2027-03-03 10:00:00
materiel,IT,9,18,Lundi,28.46,2027-03-01 18:00:00
logiciel,IT,67,8,Mardi,6.62,2027-03-02 08:00:00
materiel,Finance,3,18,Vendredi,45.33,2027-03-05 18:00:00
login,IT,79,12,Mercredi,7.25,2027-03-10 12:00:00
materiel,Technique,122,11,Jeudi,22.53,2027-03-11 11:00:00
login,Technique,13,16,Mardi,15.02,2027-03-09 16:00:00
login,Technique,39,16,Mercredi,18.84,2027-03-10 16:00:00
materiel,IT,60,12,Jeudi,16.48,2027-03-11 12:00:00
materiel,Technique,182,17,Lundi,23.25,2027-03-15 17:00:00
reseau,RH,199,11,Jeudi,27.36,2027-03-18 11:00:00
materiel,Finance,5,14,Mercredi,36.22,2027-03-17 14:00:00
logiciel,IT,145,13,Mercredi,13.0,2027-03-17 13:00:00
logiciel,Finance,54,11,Lundi,19.53,2027-03-15 11:00:00
login,Finance,59,17,Jeudi,22.75,2027-03-25 17:00:00
logiciel,Finance,143,9,Jeudi,20.93,2027-03-25 09:00:00
login,Finance,181,8,Lundi,17.39,2027-03-22 08:00:00
reseau,Technique,189,11,Jeudi,24.85,2027-03-25 11:00:00
login,IT,102,11,Lundi,6.99,2027-03-22 11:00:00
materiel,Finance,50,8,Mardi,33.06,2027-03-30 08:00:00
login,RH,151,13,Mercredi,15.07,2027-03-31 13:00:00
reseau,RH,34,11,Mardi,24.97,2027-03-30 11:00:00
materiel,IT,99,8,Vendredi,24.62,2027-04-02 08:00:00
logiciel,Technique,51,8,Vendredi,15.84,2027-04-02 08:00:00
login,Finance,120,8,Vendredi,24.57,2027-04-09 08:00:00
logiciel,IT,32,15,Lundi,19.36,2027-04-05 15:00:00
login,IT,24,17,Jeudi,16.19,2027-04-08 17:00:00
reseau,IT,181,15,Mardi,18.95,2027-04-06 15:00:00
login,IT,10,9,Mardi,11.4,2027-04-06 09:00:00
login,Finance,85,18,Mardi,22.36,2027-04-13 18:00:00
login,IT,29,14,Mardi,8.45,2027-04-13 14:00:00
materiel,Technique,4,15,Vendredi,32.67,2027-04-16 15:00:00
logiciel,IT,4,15,Mardi,20.02,2027-04-13 15:00:00
login,Technique,22,18,Jeudi,16.03,2027-04-15 18:00:00
logiciel,IT,169,17,Vendredi,21.25,2027-04-23 17:00:00
materiel,Technique,38,18,Mardi,28.75,2027-04-20 18:00:00
materiel,RH,189,14,Lundi,23.19,2027-04-19 14:00:00
materiel,Technique,103,12,Mercredi,18.81,2027-04-21 12:00:00
materiel,IT,69,8,Mercredi,16.92,2027-04-21 08:00:00
logiciel,IT,102,16,Mercredi,16.99,2027-04-28 16:00:00
login,RH,88,14,Vendredi,24.19,2027-04-30 14:00:00
login,RH,144,9,Mardi,12.58,2027-04-27 09:00:00
reseau,RH,38,13,Vendredi,35.49,2027-04-30 13:00:00
reseau,Technique,49,9,Jeudi,27.8,2027-04-29 09:00:00
materiel,IT,176,8,Lundi,21.11,2027-05-03 08:00:00
login,Finance,188,14,Lundi,20.04,2027-05-03 14:00:00
logiciel,Technique,175,9,Mercredi,10.89,2027-05-05 09:00:00
materiel,IT,65,9,Mercredi,19.26,2027-05-05 09:00:00
login,Technique,149,18,Mercredi,9.26,2027-05-05 18:00:00
login,Technique,78,12,Mardi,6.31,2027-05-11 12:00:00
logiciel,Technique,83,12,Jeudi,13.77,2027-05-13 12:00:00
logiciel,Technique,26,14,Jeudi,17.39,2027-05-13 14:00:00
login,Finance,105,8,Jeudi,16.71,2027-05-13 08:00:00
login,Technique,23,15,Jeudi,13.93,2027-05-13 15:00:00
login,Technique,46,10,Mercredi,16.73,2027-05-19 10:00:00
logiciel,IT,167,11,Lundi,13.49,2027-05-17 11:00:00
login,Technique,27,16,Mercredi,18.41,2027-05-19 16:00:00
login,IT,7,11,Jeudi,12.96,2027-05-20 11:00:00
logiciel,RH,7,17,Mercredi,27.28,2027-05-19 17:00:00
login,Technique,187,12,Jeudi,7.9,2027-05-27 12:00:00
logiciel,RH,85,14,Vendredi,23.8,2027-05-28 14:00:00
login,Finance,63,11,Lundi,16.26,2027-05-24 11:00:00
login,Technique,156,8,Vendredi,13.4,2027-05-28 08:00:00
login,IT,162,16,Mardi,8.84,2027-05-25 16:00:00
logiciel,RH,46,11,Mercredi,22.16,2027-06-02 11:00:00
reseau,Finance,129,16,Mardi,34.08,2027-06-01 16:00:00
reseau,IT,147,13,Mercredi,24.04,2027-06-02 13:00:00
materiel,Finance,120,8,Vendredi,30.36,2027-06-04 08:00:00
logiciel,Technique,18,10,Jeudi,17.93,2027-06-03 10:00:00
login,Technique,172,18,Jeudi,9.69,2027-06-10 18:00:00
login,Technique,93,9,Mercredi,8.73,2027-06-09 09:00:00
reseau,RH,38,16,Jeudi,31.98,2027-06-10 16:00:00
login,Finance,66,8,Vendredi,24.08,2027-06-11 08:00:00
login,IT,4,16,Jeudi,18.25,2027-06-10 16:00:00
login,Technique,14,16,Vendredi,23.01,2027-06-18 16:00:00
login,RH,146,15,Mardi,19.24,2027-06-15 15:00:00
login,IT,1,15,Vendredi,18.53,2027-06-18 15:00:00
logiciel,RH,64,18,Lundi,21.35,2027-06-14 18:00:00
materiel,Technique,89,8,Lundi,20.94,2027-06-14 08:00:00
reseau,Finance,6,18,Lundi,33.23,2027-06-21 18:00:00
reseau,IT,194,15,Mercredi,25.93,2027-06-23 15:00:00
materiel,Finance,30,17,Mercredi,37.08,2027-06-23 17:00:00
login,Finance,42,10,Mercredi,21.98,2027-06-23 10:00:00
materiel,RH,42,18,Vendredi,35.28,2027-06-25 18:00:00
logiciel,Finance,30,14,Mercredi,25.46,2027-06-30 14:00:00
login,IT,1,18,Mardi,18.91,2027-06-29 18:00:00
logiciel,IT,137,8,Lundi,8.94,2027-06-28 08:00:00
materiel,Finance,193,8,Vendredi,29.91,2027-07-02 08:00:00
logiciel,Finance,29,17,Lundi,30.74,2027-06-28 17:00:00
materiel,Technique,122,12,Mercredi,16.09,2027-07-07 12:00:00
login,IT,140,12,Vendredi,11.63,2027-07-09 12:00:00
reseau,Technique,165,15,Jeudi,24.63,2027-07-08 15:00:00
logiciel,Finance,66,14,Mardi,19.99,2027-07-06 14:00:00
login,Finance,42,15,Mercredi,22.41,2027-07-07 15:00:00
reseau,Technique,45,13,Mercredi,25.59,2027-07-14 13:00:00
materiel,RH,133,13,Mardi,21.51,2027-07-13 13:00:00
reseau,Technique,158,9,Mardi,24.9,2027-07-13 09:00:00
logiciel,Finance,23,13,Jeudi,25.98,2027-07-15 13:00:00
materiel,IT,54,12,Mercredi,18.3,2027-07-14 12:00:00
login,RH,178,10,Mercredi,16.76,2027-07-21 10:00:00
login,Technique,155,13,Lundi,5.14,2027-07-19 13:00:00
materiel,Technique,197,15,Vendredi,24.82,2027-07-23 15:00:00
logiciel,Technique,143,16,Vendredi,21.85,2027-07-23 16:00:00
login,RH,59,8,Lundi,15.45,2027-07-19 08:00:00
login,Technique,105,10,Vendredi,15.72,2027-07-30 10:00:00
reseau,Technique,121,10,Mardi,24.29,2027-07-27 10:00:00
reseau,Technique,8,18,Vendredi,32.71,2027-07-30 18:00:00
materiel,Technique,94,15,Vendredi,27.08,2027-07-30 15:00:00
login,Technique,133,8,Lundi,9.69,2027-07-26 08:00:00
login,IT,21,12,Jeudi,8.48,2027-08-05 12:00:00
login,Finance,149,10,Vendredi,28.95,2027-08-06 10:00:00
reseau,IT,103,9,Vendredi,29.83,2027-08-06 09:00:00
login,Technique,189,15,Jeudi,9.07,2027-08-05 15:00:00
logiciel,RH,4,10,Lundi,28.93,2027-08-02 10:00:00
login,RH,36,14,Jeudi,21.95,2027-08-12 14:00:00
logiciel,Finance,107,18,Lundi,22.78,2027-08-09 18:00:00
logiciel,IT,41,8,Mardi,19.44,2027-08-10 08:00:00
reseau,Technique,134,13,Lundi,25.51,2027-08-09 13:00:00
login,IT,144,10,Mardi,7.18,2027-08-10 10:00:00
login,Technique,10,15,Mardi,15.4,2027-08-17 15:00:00
login,Finance,87,13,Lundi,16.82,2027-08-16 13:00:00
reseau,RH,86,9,Mercredi,29.59,2027-08-18 09:00:00
reseau,Finance,53,13,Lundi,30.64,2027-08-16 13:00:00
logiciel,Finance,185,14,Vendredi,25.28,2027-08-20 14:00:00
logiciel,RH,160,12,Vendredi,22.25,2027-08-27 12:00:00
logiciel,Finance,130,10,Mercredi,19.17,2027-08-25 10:00:00
login,Technique,134,11,Mardi,10.05,2027-08-24 11:00:00
reseau,Technique,75,11,Mercredi,22.27,2027-08-25 11:00:00
materiel,IT,182,13,Vendredi,20.56,2027-08-27 13:00:00
materiel,IT,129,17,Mercredi,18.13,2027-09-01 17:00:00
materiel,Technique,137,8,Lundi,22.14,2027-08-30 08:00:00
login,Finance,168,18,Mercredi,21.45,2027-09-01 18:00:00
login,Technique,37,11,Mardi,13.26,2027-08-31 11:00:00
logiciel,IT,155,17,Lundi,14.77,2027-08-30 17:00:00
login,RH,25,11,Jeudi,18.23,2027-09-09 11:00:00
logiciel,Finance,48,17,Vendredi,36.7,2027-09-10 17:00:00
login,IT,47,8,Vendredi,16.75,2027-09-10 08:00:00
materiel,Finance,195,16,Mercredi,29.52,2027-09-08 16:00:00
login,Technique,167,11,Lundi,7.47,2027-09-06 11:00:00
materiel,Technique,131,14,Jeudi,21.44,2027-09-16 14:00:00
logiciel,RH,137,10,Lundi,14.08,2027-09-13 10:00:00
login,Finance,98,17,Vendredi,30.75,2027-09-17 17:00:00
logiciel,Finance,188,10,Lundi,21.9,2027-09-13 10:00:00
materiel,RH,83,15,Jeudi,20.15,2027-09-16 15:00:00
logiciel,RH,56,15,Mercredi,16.56,2027-09-22 15:00:00
reseau,IT,20,18,Mardi,26.39,2027-09-21 18:00:00
logiciel,Finance,151,8,Lundi,20.4,2027-09-20 08:00:00
login,Technique,138,17,Mardi,8.57,2027-09-21 17:00:00
login,Finance,57,9,Vendredi,28.26,2027-09-24 09:00:00
login,IT,3,15,Mercredi,11.78,2027-09-29 15:00:00
logiciel,Finance,163,8,Mercredi,18.51,2027-09-29 08:00:00
login,Finance,2,15,Lundi,23.87,2027-09-27 15:00:00
materiel,IT,131,15,Mercredi,16.63,2027-09-29 15:00:00
logiciel,IT,194,9,Lundi,9.31,2027-09-27 09:00:00
materiel,RH,69,11,Lundi,23.44,2027-10-04 11:00:00
logiciel,IT,31,13,Mardi,17.16,2027-10-05 13:00:00
login,Technique,132,18,Mercredi,11.01,2027-10-06 18:00:00
login,Technique,158,16,Lundi,12.72,2027-10-04 16:00:00
logiciel,RH,95,15,Mardi,15.21,2027-10-05 15:00:00
materiel,RH,193,15,Jeudi,23.64,2027-10-14 15:00:00
logiciel,Technique,5,14,Mardi,21.99,2027-10-12 14:00:00
materiel,Technique,85,16,Mardi,22.3,2027-10-12 16:00:00
login,Finance,135,9,Lundi,18.43,2027-10-11 09:00:00
reseau,Technique,168,10,Vendredi,30.0,2027-10-15 10:00:00
logiciel,IT,22,17,Vendredi,26.1,2027-10-22 17:00:00
logiciel,RH,154,15,Vendredi,24.33,2027-10-22 15:00:00
login,Technique,96,13,Mardi,6.49,2027-10-19 13:00:00
logiciel,RH,60,17,Lundi,18.67,2027-10-18 17:00:00
materiel,IT,15,16,Mercredi,28.06,2027-10-20 16:00:00
login,Technique,169,17,Mardi,11.21,2027-10-26 17:00:00
reseau,IT,19,11,Mardi,20.63,2027-10-26 11:00:00
login,RH,43,15,Lundi,19.4,2027-10-25 15:00:00
reseau,RH,40,17,Jeudi,31.32,2027-10-28 17:00:00
materiel,Finance,170,10,Mardi,25.66,2027-10-26 10:00:00
